{"cameraMode":{"drawMode":0,"name":"Shaded","section":"Shading Mode"},"sceneLighting":false,"audioPlay":false,"sceneViewState":{"showFog":true,"showMaterialUpdate":false,"showSkybox":false,"showFlares":true,"showImageEffects":true,"showParticleSystems":true},"in2DMode":false,"pivot":{"x":0.02911321073770523,"y":0.5274622440338135,"z":0.20019537210464478},"rotation":{"x":0.0009743318660184741,"y":0.991469144821167,"z":0.007436857093125582,"w":-0.13012592494487763},"size":1.4824239015579224,"orthographic":true}