{"cameraMode":{"drawMode":0,"name":"Shaded","section":"Shading Mode"},"sceneLighting":false,"audioPlay":false,"sceneViewState":{"showFog":true,"showMaterialUpdate":false,"showSkybox":false,"showFlares":true,"showImageEffects":true,"showParticleSystems":true},"in2DMode":false,"pivot":{"x":0.01341881975531578,"y":0.16853412985801698,"z":0.005816437304019928},"rotation":{"x":0.020782260224223138,"y":-0.978043258190155,"z":0.16889376938343049,"w":0.12030990421772003},"size":0.6999833583831787,"orthographic":true}